Date Modified	App Name	Source Path
2023-07-09 16:20:33	com.apple.AppStore	\\?\R:\temp\private\var\mobile\Containers\Data\Application\00BC1A50-697E-48A1-A057-B48D3FB65912\Library\SplashBoard\Snapshots\com.apple.AppStore - {DEFAULT GROUP}\9F77EEE3-5081-424D-B8D6-5301897CC9FF@2x.ktx	\\?\R:\Installed Apps\com.apple.AppStore_9F77EEE3-5081-424D-B8D6-5301897CC9FF@2x.png
2023-07-09 19:15:52	sceneID_com.apple.AppStore-default	\\?\R:\temp\private\var\mobile\Containers\Data\Application\00BC1A50-697E-48A1-A057-B48D3FB65912\Library\SplashBoard\Snapshots\sceneID_com.apple.AppStore-default\6D8B0E7C-9CEE-4E0C-891A-1E85E6774A2E@2x.ktx	\\?\R:\Installed Apps\sceneID_com.apple.AppStore-default_6D8B0E7C-9CEE-4E0C-891A-1E85E6774A2E@2x.png
2023-07-09 19:15:52	sceneID_com.apple.AppStore-default	\\?\R:\temp\private\var\mobile\Containers\Data\Application\00BC1A50-697E-48A1-A057-B48D3FB65912\Library\SplashBoard\Snapshots\sceneID_com.apple.AppStore-default\C2D8FE55-B821-4EF2-B923-C4995EFB716E@2x.ktx	\\?\R:\Installed Apps\sceneID_com.apple.AppStore-default_C2D8FE55-B821-4EF2-B923-C4995EFB716E@2x.png
2023-07-09 19:15:52	sceneID_com.apple.AppStore-default	\\?\R:\temp\private\var\mobile\Containers\Data\Application\00BC1A50-697E-48A1-A057-B48D3FB65912\Library\SplashBoard\Snapshots\sceneID_com.apple.AppStore-default\downscaled\28FB8D1D-95A9-4CF9-B05A-674C078875C5@2x.ktx	\\?\R:\Installed Apps\sceneID_com.apple.AppStore-default_28FB8D1D-95A9-4CF9-B05A-674C078875C5@2x.png
2023-07-09 19:15:52	sceneID_com.apple.AppStore-default	\\?\R:\temp\private\var\mobile\Containers\Data\Application\00BC1A50-697E-48A1-A057-B48D3FB65912\Library\SplashBoard\Snapshots\sceneID_com.apple.AppStore-default\downscaled\8B9BBEFD-B5F7-4018-B715-8F72DD9EAE6C@2x.ktx	\\?\R:\Installed Apps\sceneID_com.apple.AppStore-default_8B9BBEFD-B5F7-4018-B715-8F72DD9EAE6C@2x.png
2023-07-09 16:42:18	com.apple.compass	\\?\R:\temp\private\var\mobile\Containers\Data\Application\308BA953-CA4D-47A7-839E-053D5CA2A513\Library\SplashBoard\Snapshots\com.apple.compass - {DEFAULT GROUP}\24D4060A-F0B7-4A83-A7AB-4520A3C896FF@2x.ktx	\\?\R:\Installed Apps\com.apple.compass_24D4060A-F0B7-4A83-A7AB-4520A3C896FF@2x.png
2023-07-09 16:42:18	com.apple.compass	\\?\R:\temp\private\var\mobile\Containers\Data\Application\308BA953-CA4D-47A7-839E-053D5CA2A513\Library\SplashBoard\Snapshots\com.apple.compass - {DEFAULT GROUP}\CE2EA068-CDBD-4406-A15E-7ABACA44588A@2x.ktx	\\?\R:\Installed Apps\com.apple.compass_CE2EA068-CDBD-4406-A15E-7ABACA44588A@2x.png
2023-07-09 16:41:53	com.apple.mobilecal	\\?\R:\temp\private\var\mobile\Containers\Data\Application\4FD0FC36-A480-478D-A4A2-1C0B302375FA\Library\SplashBoard\Snapshots\com.apple.mobilecal - {DEFAULT GROUP}\1041FE10-C0C3-40F0-B8D3-A2080095031C@2x.ktx	\\?\R:\Installed Apps\com.apple.mobilecal_1041FE10-C0C3-40F0-B8D3-A2080095031C@2x.png
2023-07-09 16:41:53	com.apple.mobilecal	\\?\R:\temp\private\var\mobile\Containers\Data\Application\4FD0FC36-A480-478D-A4A2-1C0B302375FA\Library\SplashBoard\Snapshots\com.apple.mobilecal - {DEFAULT GROUP}\3F9B6316-5B3B-405E-A8F9-7313C6C7F5C1@2x.ktx	\\?\R:\Installed Apps\com.apple.mobilecal_3F9B6316-5B3B-405E-A8F9-7313C6C7F5C1@2x.png
2023-07-09 16:41:53	com.apple.mobilecal	\\?\R:\temp\private\var\mobile\Containers\Data\Application\4FD0FC36-A480-478D-A4A2-1C0B302375FA\Library\SplashBoard\Snapshots\com.apple.mobilecal - {DEFAULT GROUP}\930A6AA4-758F-4AD8-A89A-7C139AC76810@2x.ktx	\\?\R:\Installed Apps\com.apple.mobilecal_930A6AA4-758F-4AD8-A89A-7C139AC76810@2x.png
2023-07-09 16:41:53	com.apple.mobilecal	\\?\R:\temp\private\var\mobile\Containers\Data\Application\4FD0FC36-A480-478D-A4A2-1C0B302375FA\Library\SplashBoard\Snapshots\com.apple.mobilecal - {DEFAULT GROUP}\CF373DF7-35E9-47EE-9516-8990FAE06153@2x.ktx	\\?\R:\Installed Apps\com.apple.mobilecal_CF373DF7-35E9-47EE-9516-8990FAE06153@2x.png
2023-07-09 16:20:32	com.apple.dt.XcodePreviews	\\?\R:\temp\private\var\mobile\Containers\Data\Application\5FCF42D4-3664-42F5-9611-E109CFF76269\Library\SplashBoard\Snapshots\com.apple.dt.XcodePreviews - {DEFAULT GROUP}\25A3EBA5-920A-407D-BEF5-37E422DA6353@2x.ktx	\\?\R:\Installed Apps\com.apple.dt.XcodePreviews_25A3EBA5-920A-407D-BEF5-37E422DA6353@2x.png
2023-07-09 16:20:32	com.apple.dt.XcodePreviews	\\?\R:\temp\private\var\mobile\Containers\Data\Application\5FCF42D4-3664-42F5-9611-E109CFF76269\Library\SplashBoard\Snapshots\com.apple.dt.XcodePreviews - {DEFAULT GROUP}\328AEB29-128B-4CFD-A2A0-F8AB4A826878@2x.ktx	\\?\R:\Installed Apps\com.apple.dt.XcodePreviews_328AEB29-128B-4CFD-A2A0-F8AB4A826878@2x.png
2023-07-09 16:20:32	com.apple.dt.XcodePreviews	\\?\R:\temp\private\var\mobile\Containers\Data\Application\5FCF42D4-3664-42F5-9611-E109CFF76269\Library\SplashBoard\Snapshots\com.apple.dt.XcodePreviews - {DEFAULT GROUP}\8D573628-52A2-4CB3-9668-9DAA29A75A55@2x.ktx	\\?\R:\Installed Apps\com.apple.dt.XcodePreviews_8D573628-52A2-4CB3-9668-9DAA29A75A55@2x.png
2023-07-09 16:20:32	com.apple.dt.XcodePreviews	\\?\R:\temp\private\var\mobile\Containers\Data\Application\5FCF42D4-3664-42F5-9611-E109CFF76269\Library\SplashBoard\Snapshots\com.apple.dt.XcodePreviews - {DEFAULT GROUP}\A94C5598-5137-4A62-99A7-BE56647A5D3B@2x.ktx	\\?\R:\Installed Apps\com.apple.dt.XcodePreviews_A94C5598-5137-4A62-99A7-BE56647A5D3B@2x.png
2023-07-09 16:41:42	com.apple.podcasts	\\?\R:\temp\private\var\mobile\Containers\Data\Application\6903CEF4-1E64-42C2-ACAC-7B1A5A080EDC\Library\SplashBoard\Snapshots\com.apple.podcasts - {DEFAULT GROUP}\0D717C31-76FA-45AA-9128-224B322E6ECC@2x.ktx	\\?\R:\Installed Apps\com.apple.podcasts_0D717C31-76FA-45AA-9128-224B322E6ECC@2x.png
2023-07-09 16:41:42	com.apple.podcasts	\\?\R:\temp\private\var\mobile\Containers\Data\Application\6903CEF4-1E64-42C2-ACAC-7B1A5A080EDC\Library\SplashBoard\Snapshots\com.apple.podcasts - {DEFAULT GROUP}\DB380DF5-17AA-4DDD-B86B-01D729483031@2x.ktx	\\?\R:\Installed Apps\com.apple.podcasts_DB380DF5-17AA-4DDD-B86B-01D729483031@2x.png
2023-07-09 16:20:34	com.apple.appleseed.FeedbackAssistant	\\?\R:\temp\private\var\mobile\Containers\Data\Application\76BFB677-CFC5-4AFE-8D59-64B76B8B548B\Library\SplashBoard\Snapshots\com.apple.appleseed.FeedbackAssistant - {DEFAULT GROUP}\73249731-E89E-42B0-BD94-0145FEA84E67@2x.ktx	\\?\R:\Installed Apps\com.apple.appleseed.FeedbackAssistant_73249731-E89E-42B0-BD94-0145FEA84E67@2x.png
2023-07-09 16:20:34	com.apple.appleseed.FeedbackAssistant	\\?\R:\temp\private\var\mobile\Containers\Data\Application\76BFB677-CFC5-4AFE-8D59-64B76B8B548B\Library\SplashBoard\Snapshots\com.apple.appleseed.FeedbackAssistant - {DEFAULT GROUP}\F0D1A199-C109-4B6F-82B5-9A8BE25490C2@2x.ktx	\\?\R:\Installed Apps\com.apple.appleseed.FeedbackAssistant_F0D1A199-C109-4B6F-82B5-9A8BE25490C2@2x.png
2023-07-09 16:42:07	com.apple.weather	\\?\R:\temp\private\var\mobile\Containers\Data\Application\775A6E5E-9026-4C6E-B32D-B229E27B9771\Library\SplashBoard\Snapshots\com.apple.weather - {DEFAULT GROUP}\6FDA83E9-B760-4EA1-8ABF-59F5F7D4322A@2x.ktx	\\?\R:\Installed Apps\com.apple.weather_6FDA83E9-B760-4EA1-8ABF-59F5F7D4322A@2x.png
2023-07-09 16:42:07	com.apple.weather	\\?\R:\temp\private\var\mobile\Containers\Data\Application\775A6E5E-9026-4C6E-B32D-B229E27B9771\Library\SplashBoard\Snapshots\com.apple.weather - {DEFAULT GROUP}\8A8299AB-3402-4AA6-8C48-AE5023190100@2x.ktx	\\?\R:\Installed Apps\com.apple.weather_8A8299AB-3402-4AA6-8C48-AE5023190100@2x.png
2023-07-09 16:20:34	com.apple.findmy	\\?\R:\temp\private\var\mobile\Containers\Data\Application\7F4855B9-3FBA-4DA9-8C35-95B242CA3B7F\Library\SplashBoard\Snapshots\com.apple.findmy - {DEFAULT GROUP}\13861D4A-1B58-4B52-B2AA-90B0E08D9A3D@2x.ktx	\\?\R:\Installed Apps\com.apple.findmy_13861D4A-1B58-4B52-B2AA-90B0E08D9A3D@2x.png
2023-07-09 16:20:34	com.apple.findmy	\\?\R:\temp\private\var\mobile\Containers\Data\Application\7F4855B9-3FBA-4DA9-8C35-95B242CA3B7F\Library\SplashBoard\Snapshots\com.apple.findmy - {DEFAULT GROUP}\926551B6-A817-4D42-A1B1-3C6AADFEEEA9@2x.ktx	\\?\R:\Installed Apps\com.apple.findmy_926551B6-A817-4D42-A1B1-3C6AADFEEEA9@2x.png
2023-07-09 16:20:34	com.apple.mobilephone	\\?\R:\temp\private\var\mobile\Containers\Data\Application\7F488647-23B7-465A-88BA-043C659863A3\Library\SplashBoard\Snapshots\com.apple.mobilephone - {DEFAULT GROUP}\49E5ED51-D873-47F8-9A15-3646F36DF7D1@2x.ktx	\\?\R:\Installed Apps\com.apple.mobilephone_49E5ED51-D873-47F8-9A15-3646F36DF7D1@2x.png
2023-07-09 16:20:34	com.apple.mobilephone	\\?\R:\temp\private\var\mobile\Containers\Data\Application\7F488647-23B7-465A-88BA-043C659863A3\Library\SplashBoard\Snapshots\com.apple.mobilephone - {DEFAULT GROUP}\A4D9F8D7-9515-4BDD-A041-746C9B1884AA@2x.ktx	\\?\R:\Installed Apps\com.apple.mobilephone_A4D9F8D7-9515-4BDD-A041-746C9B1884AA@2x.png
2023-07-09 18:49:34	sceneID_com.apple.mobilephone-default	\\?\R:\temp\private\var\mobile\Containers\Data\Application\7F488647-23B7-465A-88BA-043C659863A3\Library\SplashBoard\Snapshots\sceneID_com.apple.mobilephone-default\3D737011-68A5-4B4B-9538-B67513DD32C6@2x.ktx	\\?\R:\Installed Apps\sceneID_com.apple.mobilephone-default_3D737011-68A5-4B4B-9538-B67513DD32C6@2x.png
2023-07-09 21:04:15	sceneID_com.apple.mobilephone-default	\\?\R:\temp\private\var\mobile\Containers\Data\Application\7F488647-23B7-465A-88BA-043C659863A3\Library\SplashBoard\Snapshots\sceneID_com.apple.mobilephone-default\45A7403A-CA22-4A63-BD5D-B4A32D445067@2x.ktx	\\?\R:\Installed Apps\sceneID_com.apple.mobilephone-default_45A7403A-CA22-4A63-BD5D-B4A32D445067@2x.png
2023-07-09 18:49:34	sceneID_com.apple.mobilephone-default	\\?\R:\temp\private\var\mobile\Containers\Data\Application\7F488647-23B7-465A-88BA-043C659863A3\Library\SplashBoard\Snapshots\sceneID_com.apple.mobilephone-default\B9A547DD-171C-43EF-84B5-89C75FE9944C@2x.ktx	\\?\R:\Installed Apps\sceneID_com.apple.mobilephone-default_B9A547DD-171C-43EF-84B5-89C75FE9944C@2x.png
2023-07-09 18:50:09	sceneID_com.apple.mobilephone-default	\\?\R:\temp\private\var\mobile\Containers\Data\Application\7F488647-23B7-465A-88BA-043C659863A3\Library\SplashBoard\Snapshots\sceneID_com.apple.mobilephone-default\D5EE21E4-ED17-42B4-97AF-5CAB411C01C4@2x.ktx	\\?\R:\Installed Apps\sceneID_com.apple.mobilephone-default_D5EE21E4-ED17-42B4-97AF-5CAB411C01C4@2x.png
2023-07-09 18:50:09	sceneID_com.apple.mobilephone-default	\\?\R:\temp\private\var\mobile\Containers\Data\Application\7F488647-23B7-465A-88BA-043C659863A3\Library\SplashBoard\Snapshots\sceneID_com.apple.mobilephone-default\downscaled\02D6DF48-FD48-4531-A6F9-34C68EDC9C20@2x.ktx	\\?\R:\Installed Apps\sceneID_com.apple.mobilephone-default_02D6DF48-FD48-4531-A6F9-34C68EDC9C20@2x.png
2023-07-09 18:49:34	sceneID_com.apple.mobilephone-default	\\?\R:\temp\private\var\mobile\Containers\Data\Application\7F488647-23B7-465A-88BA-043C659863A3\Library\SplashBoard\Snapshots\sceneID_com.apple.mobilephone-default\downscaled\3C4CA3E0-4D9F-4C17-9CAF-91BB004E2DEB@2x.ktx	\\?\R:\Installed Apps\sceneID_com.apple.mobilephone-default_3C4CA3E0-4D9F-4C17-9CAF-91BB004E2DEB@2x.png
2023-07-09 21:04:15	sceneID_com.apple.mobilephone-default	\\?\R:\temp\private\var\mobile\Containers\Data\Application\7F488647-23B7-465A-88BA-043C659863A3\Library\SplashBoard\Snapshots\sceneID_com.apple.mobilephone-default\downscaled\9FE68EC1-3247-4352-8662-E935FB4C1D4B@2x.ktx	\\?\R:\Installed Apps\sceneID_com.apple.mobilephone-default_9FE68EC1-3247-4352-8662-E935FB4C1D4B@2x.png
2023-07-09 18:49:34	sceneID_com.apple.mobilephone-default	\\?\R:\temp\private\var\mobile\Containers\Data\Application\7F488647-23B7-465A-88BA-043C659863A3\Library\SplashBoard\Snapshots\sceneID_com.apple.mobilephone-default\downscaled\EF22112A-7A5A-43D2-84DD-A3CA05DA12C8@2x.ktx	\\?\R:\Installed Apps\sceneID_com.apple.mobilephone-default_EF22112A-7A5A-43D2-84DD-A3CA05DA12C8@2x.png
2023-07-09 16:45:59	sceneID_com.apple.Maps-25DFACC4-4694-4256-B66F-AFD7AFC2FFCF	\\?\R:\temp\private\var\mobile\Containers\Data\Application\96F29E82-BE24-4873-A3EE-7BB8DBD04FA9\Library\SplashBoard\Snapshots\sceneID_com.apple.Maps-25DFACC4-4694-4256-B66F-AFD7AFC2FFCF\68646CB2-7874-43AD-A304-476A4393C578@2x.ktx	\\?\R:\Installed Apps\sceneID_com.apple.Maps-25DFACC4-4694-4256-B66F-AFD7AFC2FFCF_68646CB2-7874-43AD-A304-476A4393C578@2x.png
2023-07-09 16:45:59	sceneID_com.apple.Maps-25DFACC4-4694-4256-B66F-AFD7AFC2FFCF	\\?\R:\temp\private\var\mobile\Containers\Data\Application\96F29E82-BE24-4873-A3EE-7BB8DBD04FA9\Library\SplashBoard\Snapshots\sceneID_com.apple.Maps-25DFACC4-4694-4256-B66F-AFD7AFC2FFCF\FDBDC085-D398-4207-802C-22F3FEBFF4C1@2x.ktx	\\?\R:\Installed Apps\sceneID_com.apple.Maps-25DFACC4-4694-4256-B66F-AFD7AFC2FFCF_FDBDC085-D398-4207-802C-22F3FEBFF4C1@2x.png
2023-07-09 16:45:59	sceneID_com.apple.Maps-25DFACC4-4694-4256-B66F-AFD7AFC2FFCF	\\?\R:\temp\private\var\mobile\Containers\Data\Application\96F29E82-BE24-4873-A3EE-7BB8DBD04FA9\Library\SplashBoard\Snapshots\sceneID_com.apple.Maps-25DFACC4-4694-4256-B66F-AFD7AFC2FFCF\downscaled\92C04101-EE2B-4906-991B-E8D6C81F3A7D@2x.ktx	\\?\R:\Installed Apps\sceneID_com.apple.Maps-25DFACC4-4694-4256-B66F-AFD7AFC2FFCF_92C04101-EE2B-4906-991B-E8D6C81F3A7D@2x.png
2023-07-09 16:45:59	sceneID_com.apple.Maps-25DFACC4-4694-4256-B66F-AFD7AFC2FFCF	\\?\R:\temp\private\var\mobile\Containers\Data\Application\96F29E82-BE24-4873-A3EE-7BB8DBD04FA9\Library\SplashBoard\Snapshots\sceneID_com.apple.Maps-25DFACC4-4694-4256-B66F-AFD7AFC2FFCF\downscaled\D0CFB981-3747-4365-9FE0-3BEF28269AA1@2x.ktx	\\?\R:\Installed Apps\sceneID_com.apple.Maps-25DFACC4-4694-4256-B66F-AFD7AFC2FFCF_D0CFB981-3747-4365-9FE0-3BEF28269AA1@2x.png
2023-07-09 16:41:52	com.apple.MobileStore	\\?\R:\temp\private\var\mobile\Containers\Data\Application\BF82AB5A-AF92-4FAA-8267-D1263246E26D\Library\SplashBoard\Snapshots\com.apple.MobileStore - {DEFAULT GROUP}\1A633B8E-1E44-4DA0-9A96-5F156F07159F@2x.ktx	\\?\R:\Installed Apps\com.apple.MobileStore_1A633B8E-1E44-4DA0-9A96-5F156F07159F@2x.png
2023-07-09 16:41:52	com.apple.MobileStore	\\?\R:\temp\private\var\mobile\Containers\Data\Application\BF82AB5A-AF92-4FAA-8267-D1263246E26D\Library\SplashBoard\Snapshots\com.apple.MobileStore - {DEFAULT GROUP}\38FF937B-B38F-4A91-910F-8F6D10CB6EF3@2x.ktx	\\?\R:\Installed Apps\com.apple.MobileStore_38FF937B-B38F-4A91-910F-8F6D10CB6EF3@2x.png
2023-07-09 16:41:52	com.apple.MobileStore	\\?\R:\temp\private\var\mobile\Containers\Data\Application\BF82AB5A-AF92-4FAA-8267-D1263246E26D\Library\SplashBoard\Snapshots\com.apple.MobileStore - {DEFAULT GROUP}\E26E5FD4-8448-40A1-B3DD-5426B3732232@2x.ktx	\\?\R:\Installed Apps\com.apple.MobileStore_E26E5FD4-8448-40A1-B3DD-5426B3732232@2x.png
2023-07-09 16:41:52	com.apple.MobileStore	\\?\R:\temp\private\var\mobile\Containers\Data\Application\BF82AB5A-AF92-4FAA-8267-D1263246E26D\Library\SplashBoard\Snapshots\com.apple.MobileStore - {DEFAULT GROUP}\F7826B24-8596-40AA-981C-1931B6A46BE3@2x.ktx	\\?\R:\Installed Apps\com.apple.MobileStore_F7826B24-8596-40AA-981C-1931B6A46BE3@2x.png
2023-07-09 21:57:32	sceneID_com.apple.MobileStore-default	\\?\R:\temp\private\var\mobile\Containers\Data\Application\BF82AB5A-AF92-4FAA-8267-D1263246E26D\Library\SplashBoard\Snapshots\sceneID_com.apple.MobileStore-default\53F6EA19-9519-4059-A03D-8CE729C1A98C@2x.ktx	\\?\R:\Installed Apps\sceneID_com.apple.MobileStore-default_53F6EA19-9519-4059-A03D-8CE729C1A98C@2x.png
2023-07-09 21:57:32	sceneID_com.apple.MobileStore-default	\\?\R:\temp\private\var\mobile\Containers\Data\Application\BF82AB5A-AF92-4FAA-8267-D1263246E26D\Library\SplashBoard\Snapshots\sceneID_com.apple.MobileStore-default\61256892-B625-474F-9177-9CE3CA8D29A2@2x.ktx	\\?\R:\Installed Apps\sceneID_com.apple.MobileStore-default_61256892-B625-474F-9177-9CE3CA8D29A2@2x.png
2023-07-09 21:13:00	sceneID_com.apple.MobileStore-default	\\?\R:\temp\private\var\mobile\Containers\Data\Application\BF82AB5A-AF92-4FAA-8267-D1263246E26D\Library\SplashBoard\Snapshots\sceneID_com.apple.MobileStore-default\A4799CE6-C934-40D7-9285-DE2AFABCE7BF@2x.ktx	\\?\R:\Installed Apps\sceneID_com.apple.MobileStore-default_A4799CE6-C934-40D7-9285-DE2AFABCE7BF@2x.png
2023-07-09 21:13:00	sceneID_com.apple.MobileStore-default	\\?\R:\temp\private\var\mobile\Containers\Data\Application\BF82AB5A-AF92-4FAA-8267-D1263246E26D\Library\SplashBoard\Snapshots\sceneID_com.apple.MobileStore-default\F4DF32E4-C4FA-4F7F-835F-CC2005EBECA9@2x.ktx	\\?\R:\Installed Apps\sceneID_com.apple.MobileStore-default_F4DF32E4-C4FA-4F7F-835F-CC2005EBECA9@2x.png
2023-07-09 21:13:00	sceneID_com.apple.MobileStore-default	\\?\R:\temp\private\var\mobile\Containers\Data\Application\BF82AB5A-AF92-4FAA-8267-D1263246E26D\Library\SplashBoard\Snapshots\sceneID_com.apple.MobileStore-default\downscaled\61950474-7506-43E7-9E92-446291E62AFF@2x.ktx	\\?\R:\Installed Apps\sceneID_com.apple.MobileStore-default_61950474-7506-43E7-9E92-446291E62AFF@2x.png
2023-07-09 21:13:00	sceneID_com.apple.MobileStore-default	\\?\R:\temp\private\var\mobile\Containers\Data\Application\BF82AB5A-AF92-4FAA-8267-D1263246E26D\Library\SplashBoard\Snapshots\sceneID_com.apple.MobileStore-default\downscaled\939CFD4D-8135-44D5-BE25-BCAD99EADA1F@2x.ktx	\\?\R:\Installed Apps\sceneID_com.apple.MobileStore-default_939CFD4D-8135-44D5-BE25-BCAD99EADA1F@2x.png
2023-07-09 21:57:32	sceneID_com.apple.MobileStore-default	\\?\R:\temp\private\var\mobile\Containers\Data\Application\BF82AB5A-AF92-4FAA-8267-D1263246E26D\Library\SplashBoard\Snapshots\sceneID_com.apple.MobileStore-default\downscaled\C08AF043-29F9-41DA-9332-CBABAA0784BE@2x.ktx	\\?\R:\Installed Apps\sceneID_com.apple.MobileStore-default_C08AF043-29F9-41DA-9332-CBABAA0784BE@2x.png
2023-07-09 21:57:32	sceneID_com.apple.MobileStore-default	\\?\R:\temp\private\var\mobile\Containers\Data\Application\BF82AB5A-AF92-4FAA-8267-D1263246E26D\Library\SplashBoard\Snapshots\sceneID_com.apple.MobileStore-default\downscaled\EE0A9A85-12AF-41F8-9622-3EAD2B8024F0@2x.ktx	\\?\R:\Installed Apps\sceneID_com.apple.MobileStore-default_EE0A9A85-12AF-41F8-9622-3EAD2B8024F0@2x.png
2023-07-09 16:44:14	sceneID_com.apple.mobilenotes-C89ADE2A-F396-49CF-8435-19AE963F5413	\\?\R:\temp\private\var\mobile\Containers\Data\Application\C66B36C2-65CF-49B4-93AD-646476311AA9\Library\SplashBoard\Snapshots\sceneID_com.apple.mobilenotes-C89ADE2A-F396-49CF-8435-19AE963F5413\8F7D5D0E-806E-4605-AEDF-08EDD2E769A3@2x.ktx	\\?\R:\Installed Apps\sceneID_com.apple.mobilenotes-C89ADE2A-F396-49CF-8435-19AE963F5413_8F7D5D0E-806E-4605-AEDF-08EDD2E769A3@2x.png
2023-07-09 16:44:14	sceneID_com.apple.mobilenotes-C89ADE2A-F396-49CF-8435-19AE963F5413	\\?\R:\temp\private\var\mobile\Containers\Data\Application\C66B36C2-65CF-49B4-93AD-646476311AA9\Library\SplashBoard\Snapshots\sceneID_com.apple.mobilenotes-C89ADE2A-F396-49CF-8435-19AE963F5413\D604AE73-C312-410C-9C05-60C04F8AFB5B@2x.ktx	\\?\R:\Installed Apps\sceneID_com.apple.mobilenotes-C89ADE2A-F396-49CF-8435-19AE963F5413_D604AE73-C312-410C-9C05-60C04F8AFB5B@2x.png
2023-07-09 16:44:15	sceneID_com.apple.mobilenotes-C89ADE2A-F396-49CF-8435-19AE963F5413	\\?\R:\temp\private\var\mobile\Containers\Data\Application\C66B36C2-65CF-49B4-93AD-646476311AA9\Library\SplashBoard\Snapshots\sceneID_com.apple.mobilenotes-C89ADE2A-F396-49CF-8435-19AE963F5413\downscaled\18B2BF07-1D0F-4425-8DF0-3E114248D393@2x.ktx	\\?\R:\Installed Apps\sceneID_com.apple.mobilenotes-C89ADE2A-F396-49CF-8435-19AE963F5413_18B2BF07-1D0F-4425-8DF0-3E114248D393@2x.png
2023-07-09 16:44:14	sceneID_com.apple.mobilenotes-C89ADE2A-F396-49CF-8435-19AE963F5413	\\?\R:\temp\private\var\mobile\Containers\Data\Application\C66B36C2-65CF-49B4-93AD-646476311AA9\Library\SplashBoard\Snapshots\sceneID_com.apple.mobilenotes-C89ADE2A-F396-49CF-8435-19AE963F5413\downscaled\DACDD102-D466-468E-AE5E-0AA2A7544B09@2x.ktx	\\?\R:\Installed Apps\sceneID_com.apple.mobilenotes-C89ADE2A-F396-49CF-8435-19AE963F5413_DACDD102-D466-468E-AE5E-0AA2A7544B09@2x.png
2023-07-09 19:15:45	sceneID_com.jdtech.CalculatorVault-default	\\?\R:\temp\private\var\mobile\Containers\Data\Application\CAA7293C-3F46-41A3-8048-456903DC2B0F\Library\SplashBoard\Snapshots\sceneID_com.jdtech.CalculatorVault-default\738B5C1A-7460-4DA1-B7A0-F3237A5300DB@2x.ktx	\\?\R:\Installed Apps\sceneID_com.jdtech.CalculatorVault-default_738B5C1A-7460-4DA1-B7A0-F3237A5300DB@2x.png
2023-07-09 19:15:45	sceneID_com.jdtech.CalculatorVault-default	\\?\R:\temp\private\var\mobile\Containers\Data\Application\CAA7293C-3F46-41A3-8048-456903DC2B0F\Library\SplashBoard\Snapshots\sceneID_com.jdtech.CalculatorVault-default\9A0F5D8D-DEFA-48CF-9A6B-BEDBE24FE5EA@2x.ktx	\\?\R:\Installed Apps\sceneID_com.jdtech.CalculatorVault-default_9A0F5D8D-DEFA-48CF-9A6B-BEDBE24FE5EA@2x.png
2023-07-09 19:15:45	sceneID_com.jdtech.CalculatorVault-default	\\?\R:\temp\private\var\mobile\Containers\Data\Application\CAA7293C-3F46-41A3-8048-456903DC2B0F\Library\SplashBoard\Snapshots\sceneID_com.jdtech.CalculatorVault-default\downscaled\03917CBF-3F72-4D15-8505-0D0F0CF0A809@2x.ktx	\\?\R:\Installed Apps\sceneID_com.jdtech.CalculatorVault-default_03917CBF-3F72-4D15-8505-0D0F0CF0A809@2x.png
2023-07-09 19:15:45	sceneID_com.jdtech.CalculatorVault-default	\\?\R:\temp\private\var\mobile\Containers\Data\Application\CAA7293C-3F46-41A3-8048-456903DC2B0F\Library\SplashBoard\Snapshots\sceneID_com.jdtech.CalculatorVault-default\downscaled\41A0732F-2317-4F55-9E03-FD413C83202C@2x.ktx	\\?\R:\Installed Apps\sceneID_com.jdtech.CalculatorVault-default_41A0732F-2317-4F55-9E03-FD413C83202C@2x.png
2023-07-09 16:20:32	com.apple.MobileSMS	\\?\R:\temp\private\var\mobile\Containers\Data\Application\CE05C4F4-51EA-49D6-A824-96E40BFBEA33\Library\SplashBoard\Snapshots\com.apple.MobileSMS - {DEFAULT GROUP}\6239CB23-8116-4924-A721-E36F903CA0B9@2x.ktx	\\?\R:\Installed Apps\com.apple.MobileSMS_6239CB23-8116-4924-A721-E36F903CA0B9@2x.png
2023-07-09 19:15:30	com.apple.MobileSMS	\\?\R:\temp\private\var\mobile\Containers\Data\Application\CE05C4F4-51EA-49D6-A824-96E40BFBEA33\Library\SplashBoard\Snapshots\com.apple.MobileSMS - {DEFAULT GROUP}\69F7835F-DA10-4301-B60E-5BAC7BA9DEC3@2x.ktx	\\?\R:\Installed Apps\com.apple.MobileSMS_69F7835F-DA10-4301-B60E-5BAC7BA9DEC3@2x.png
2023-07-09 16:20:32	com.apple.MobileSMS	\\?\R:\temp\private\var\mobile\Containers\Data\Application\CE05C4F4-51EA-49D6-A824-96E40BFBEA33\Library\SplashBoard\Snapshots\com.apple.MobileSMS - {DEFAULT GROUP}\EC8A8C75-6AF7-4790-B78A-15C9C694B3AE@2x.ktx	\\?\R:\Installed Apps\com.apple.MobileSMS_EC8A8C75-6AF7-4790-B78A-15C9C694B3AE@2x.png
2023-07-09 20:42:40	sceneID_com.apple.MobileSMS-DD576F50-F809-4826-927C-8A151936426E	\\?\R:\temp\private\var\mobile\Containers\Data\Application\CE05C4F4-51EA-49D6-A824-96E40BFBEA33\Library\SplashBoard\Snapshots\sceneID_com.apple.MobileSMS-DD576F50-F809-4826-927C-8A151936426E\27657EA7-E46B-47AB-953D-59AEFAA4961F@2x.ktx	\\?\R:\Installed Apps\sceneID_com.apple.MobileSMS-DD576F50-F809-4826-927C-8A151936426E_27657EA7-E46B-47AB-953D-59AEFAA4961F@2x.png
2023-07-09 20:42:40	sceneID_com.apple.MobileSMS-DD576F50-F809-4826-927C-8A151936426E	\\?\R:\temp\private\var\mobile\Containers\Data\Application\CE05C4F4-51EA-49D6-A824-96E40BFBEA33\Library\SplashBoard\Snapshots\sceneID_com.apple.MobileSMS-DD576F50-F809-4826-927C-8A151936426E\F9CEB3E3-7ACB-4004-AAC9-574EA8D5FC6C@2x.ktx	\\?\R:\Installed Apps\sceneID_com.apple.MobileSMS-DD576F50-F809-4826-927C-8A151936426E_F9CEB3E3-7ACB-4004-AAC9-574EA8D5FC6C@2x.png
2023-07-09 20:42:40	sceneID_com.apple.MobileSMS-DD576F50-F809-4826-927C-8A151936426E	\\?\R:\temp\private\var\mobile\Containers\Data\Application\CE05C4F4-51EA-49D6-A824-96E40BFBEA33\Library\SplashBoard\Snapshots\sceneID_com.apple.MobileSMS-DD576F50-F809-4826-927C-8A151936426E\downscaled\65AEA5D6-D8E4-47B6-9FAA-9E2231BC2E4D@2x.ktx	\\?\R:\Installed Apps\sceneID_com.apple.MobileSMS-DD576F50-F809-4826-927C-8A151936426E_65AEA5D6-D8E4-47B6-9FAA-9E2231BC2E4D@2x.png
2023-07-09 20:42:40	sceneID_com.apple.MobileSMS-DD576F50-F809-4826-927C-8A151936426E	\\?\R:\temp\private\var\mobile\Containers\Data\Application\CE05C4F4-51EA-49D6-A824-96E40BFBEA33\Library\SplashBoard\Snapshots\sceneID_com.apple.MobileSMS-DD576F50-F809-4826-927C-8A151936426E\downscaled\EC9893ED-58C3-4B07-BC19-C68332FB0D54@2x.ktx	\\?\R:\Installed Apps\sceneID_com.apple.MobileSMS-DD576F50-F809-4826-927C-8A151936426E_EC9893ED-58C3-4B07-BC19-C68332FB0D54@2x.png
2023-07-09 16:49:34	sceneID_com.apple.Passbook-default	\\?\R:\temp\private\var\mobile\Containers\Data\Application\D665EC75-BBC7-4D81-A5BB-2BAC507F1511\Library\SplashBoard\Snapshots\sceneID_com.apple.Passbook-default\3F9547DE-C23F-4F7A-9871-C33246841727@2x.ktx	\\?\R:\Installed Apps\sceneID_com.apple.Passbook-default_3F9547DE-C23F-4F7A-9871-C33246841727@2x.png
2023-07-09 16:49:34	sceneID_com.apple.Passbook-default	\\?\R:\temp\private\var\mobile\Containers\Data\Application\D665EC75-BBC7-4D81-A5BB-2BAC507F1511\Library\SplashBoard\Snapshots\sceneID_com.apple.Passbook-default\8E651EEA-3134-4070-B31B-8794544C5E3B@2x.ktx	\\?\R:\Installed Apps\sceneID_com.apple.Passbook-default_8E651EEA-3134-4070-B31B-8794544C5E3B@2x.png
2023-07-09 16:49:34	sceneID_com.apple.Passbook-default	\\?\R:\temp\private\var\mobile\Containers\Data\Application\D665EC75-BBC7-4D81-A5BB-2BAC507F1511\Library\SplashBoard\Snapshots\sceneID_com.apple.Passbook-default\downscaled\0DF96AE3-236C-40A5-9490-FD4528FD6289@2x.ktx	\\?\R:\Installed Apps\sceneID_com.apple.Passbook-default_0DF96AE3-236C-40A5-9490-FD4528FD6289@2x.png
2023-07-09 16:49:34	sceneID_com.apple.Passbook-default	\\?\R:\temp\private\var\mobile\Containers\Data\Application\D665EC75-BBC7-4D81-A5BB-2BAC507F1511\Library\SplashBoard\Snapshots\sceneID_com.apple.Passbook-default\downscaled\93894ED6-47EF-4B2C-B419-D429A8D22DA1@2x.ktx	\\?\R:\Installed Apps\sceneID_com.apple.Passbook-default_93894ED6-47EF-4B2C-B419-D429A8D22DA1@2x.png
2023-07-09 16:41:57	com.apple.MobileAddressBook	\\?\R:\temp\private\var\mobile\Containers\Data\Application\E2701F6D-9B61-4704-80D6-29633D8AAEE2\Library\SplashBoard\Snapshots\com.apple.MobileAddressBook - {DEFAULT GROUP}\A14AE693-2825-40BC-9886-BCFD66266CA8@2x.ktx	\\?\R:\Installed Apps\com.apple.MobileAddressBook_A14AE693-2825-40BC-9886-BCFD66266CA8@2x.png
2023-07-09 16:45:20	sceneID_com.apple.MobileAddressBook-E5F86487-E9DC-4F7B-8FE2-6A0AEE264C86	\\?\R:\temp\private\var\mobile\Containers\Data\Application\E2701F6D-9B61-4704-80D6-29633D8AAEE2\Library\SplashBoard\Snapshots\sceneID_com.apple.MobileAddressBook-E5F86487-E9DC-4F7B-8FE2-6A0AEE264C86\012308D7-0803-4947-8BAB-0F7208250EC3@2x.ktx	\\?\R:\Installed Apps\sceneID_com.apple.MobileAddressBook-E5F86487-E9DC-4F7B-8FE2-6A0AEE264C86_012308D7-0803-4947-8BAB-0F7208250EC3@2x.png
2023-07-09 16:45:20	sceneID_com.apple.MobileAddressBook-E5F86487-E9DC-4F7B-8FE2-6A0AEE264C86	\\?\R:\temp\private\var\mobile\Containers\Data\Application\E2701F6D-9B61-4704-80D6-29633D8AAEE2\Library\SplashBoard\Snapshots\sceneID_com.apple.MobileAddressBook-E5F86487-E9DC-4F7B-8FE2-6A0AEE264C86\D6AB6855-0264-4F07-A39C-0E66060432A5@2x.ktx	\\?\R:\Installed Apps\sceneID_com.apple.MobileAddressBook-E5F86487-E9DC-4F7B-8FE2-6A0AEE264C86_D6AB6855-0264-4F07-A39C-0E66060432A5@2x.png
2023-07-09 16:45:20	sceneID_com.apple.MobileAddressBook-E5F86487-E9DC-4F7B-8FE2-6A0AEE264C86	\\?\R:\temp\private\var\mobile\Containers\Data\Application\E2701F6D-9B61-4704-80D6-29633D8AAEE2\Library\SplashBoard\Snapshots\sceneID_com.apple.MobileAddressBook-E5F86487-E9DC-4F7B-8FE2-6A0AEE264C86\downscaled\04C15AD3-2EAC-4DBA-9BA9-CC9360F112C9@2x.ktx	\\?\R:\Installed Apps\sceneID_com.apple.MobileAddressBook-E5F86487-E9DC-4F7B-8FE2-6A0AEE264C86_04C15AD3-2EAC-4DBA-9BA9-CC9360F112C9@2x.png
2023-07-09 16:45:20	sceneID_com.apple.MobileAddressBook-E5F86487-E9DC-4F7B-8FE2-6A0AEE264C86	\\?\R:\temp\private\var\mobile\Containers\Data\Application\E2701F6D-9B61-4704-80D6-29633D8AAEE2\Library\SplashBoard\Snapshots\sceneID_com.apple.MobileAddressBook-E5F86487-E9DC-4F7B-8FE2-6A0AEE264C86\downscaled\F0F1F5B1-B905-42BD-B9C0-FAD9BFEA970B@2x.ktx	\\?\R:\Installed Apps\sceneID_com.apple.MobileAddressBook-E5F86487-E9DC-4F7B-8FE2-6A0AEE264C86_F0F1F5B1-B905-42BD-B9C0-FAD9BFEA970B@2x.png
2023-07-09 20:42:24	sceneID_com.apple.facetime-default	\\?\R:\temp\private\var\mobile\Containers\Data\Application\E80CD3BD-F005-4FA5-B94B-C96BB4A2C0BF\Library\SplashBoard\Snapshots\sceneID_com.apple.facetime-default\80D480B2-49C9-4A65-8AD9-7337B182F9ED@2x.ktx	\\?\R:\Installed Apps\sceneID_com.apple.facetime-default_80D480B2-49C9-4A65-8AD9-7337B182F9ED@2x.png
2023-07-09 20:42:24	sceneID_com.apple.facetime-default	\\?\R:\temp\private\var\mobile\Containers\Data\Application\E80CD3BD-F005-4FA5-B94B-C96BB4A2C0BF\Library\SplashBoard\Snapshots\sceneID_com.apple.facetime-default\downscaled\88C238B0-5221-4A30-9E7C-DF15A0200009@2x.ktx	\\?\R:\Installed Apps\sceneID_com.apple.facetime-default_88C238B0-5221-4A30-9E7C-DF15A0200009@2x.png
2023-07-09 16:42:03	com.apple.shortcuts	\\?\R:\temp\private\var\mobile\Containers\Data\Application\ECF1A608-30C0-4380-B6C8-D0B7414BC402\Library\SplashBoard\Snapshots\com.apple.shortcuts - {DEFAULT GROUP}\81673E0F-7300-4965-B8FF-572416816ABC@2x.ktx	\\?\R:\Installed Apps\com.apple.shortcuts_81673E0F-7300-4965-B8FF-572416816ABC@2x.png
2023-07-09 16:42:03	com.apple.shortcuts	\\?\R:\temp\private\var\mobile\Containers\Data\Application\ECF1A608-30C0-4380-B6C8-D0B7414BC402\Library\SplashBoard\Snapshots\com.apple.shortcuts - {DEFAULT GROUP}\FD95B463-CA4E-4ED9-92A6-E965F969C451@2x.ktx	\\?\R:\Installed Apps\com.apple.shortcuts_FD95B463-CA4E-4ED9-92A6-E965F969C451@2x.png
2023-07-09 16:20:34	com.apple.mobilesafari	\\?\R:\temp\private\var\mobile\Containers\Data\Application\EF9AB533-69C0-482E-9E0B-9C90E37EE377\Library\SplashBoard\Snapshots\com.apple.mobilesafari - {DEFAULT GROUP}\2B8A2ABF-E215-4339-AB4C-FE262E831A31@2x.ktx	\\?\R:\Installed Apps\com.apple.mobilesafari_2B8A2ABF-E215-4339-AB4C-FE262E831A31@2x.png
2023-07-09 16:20:34	com.apple.mobilesafari	\\?\R:\temp\private\var\mobile\Containers\Data\Application\EF9AB533-69C0-482E-9E0B-9C90E37EE377\Library\SplashBoard\Snapshots\com.apple.mobilesafari - {DEFAULT GROUP}\3D42C598-3C7C-4D83-9D4F-785A913768F2@2x.ktx	\\?\R:\Installed Apps\com.apple.mobilesafari_3D42C598-3C7C-4D83-9D4F-785A913768F2@2x.png
2023-07-09 16:20:34	com.apple.mobilesafari	\\?\R:\temp\private\var\mobile\Containers\Data\Application\EF9AB533-69C0-482E-9E0B-9C90E37EE377\Library\SplashBoard\Snapshots\com.apple.mobilesafari - {DEFAULT GROUP}\445CA290-9E58-4C7D-A7C2-E537C525BD11@2x.ktx	\\?\R:\Installed Apps\com.apple.mobilesafari_445CA290-9E58-4C7D-A7C2-E537C525BD11@2x.png
2023-07-09 16:20:34	com.apple.mobilesafari	\\?\R:\temp\private\var\mobile\Containers\Data\Application\EF9AB533-69C0-482E-9E0B-9C90E37EE377\Library\SplashBoard\Snapshots\com.apple.mobilesafari - {DEFAULT GROUP}\47BE01FC-71DC-471C-A38D-1531F343EA82@2x.ktx	\\?\R:\Installed Apps\com.apple.mobilesafari_47BE01FC-71DC-471C-A38D-1531F343EA82@2x.png
2023-07-09 16:46:43	com.apple.mobilesafari	\\?\R:\temp\private\var\mobile\Containers\Data\Application\EF9AB533-69C0-482E-9E0B-9C90E37EE377\Library\SplashBoard\Snapshots\com.apple.mobilesafari - {DEFAULT GROUP}\E65D20A9-BDAD-4692-9B54-E908919165B4@2x.ktx	\\?\R:\Installed Apps\com.apple.mobilesafari_E65D20A9-BDAD-4692-9B54-E908919165B4@2x.png
2023-07-09 16:46:45	com.apple.mobilesafari	\\?\R:\temp\private\var\mobile\Containers\Data\Application\EF9AB533-69C0-482E-9E0B-9C90E37EE377\Library\SplashBoard\Snapshots\com.apple.mobilesafari - {DEFAULT GROUP}\downscaled\41379882-9A4B-4E8E-9CB1-FFD54C219FEF@2x.ktx	\\?\R:\Installed Apps\com.apple.mobilesafari_41379882-9A4B-4E8E-9CB1-FFD54C219FEF@2x.png
2023-07-10 20:45:39	sceneID_com.apple.mobilesafari-69A12570-2BDC-4C23-A550-282B7EB129B4	\\?\R:\temp\private\var\mobile\Containers\Data\Application\EF9AB533-69C0-482E-9E0B-9C90E37EE377\Library\SplashBoard\Snapshots\sceneID_com.apple.mobilesafari-69A12570-2BDC-4C23-A550-282B7EB129B4\07A51C87-76F2-4372-AF75-C460165D77F6@2x.ktx	\\?\R:\Installed Apps\sceneID_com.apple.mobilesafari-69A12570-2BDC-4C23-A550-282B7EB129B4_07A51C87-76F2-4372-AF75-C460165D77F6@2x.png
2023-07-10 20:45:40	sceneID_com.apple.mobilesafari-69A12570-2BDC-4C23-A550-282B7EB129B4	\\?\R:\temp\private\var\mobile\Containers\Data\Application\EF9AB533-69C0-482E-9E0B-9C90E37EE377\Library\SplashBoard\Snapshots\sceneID_com.apple.mobilesafari-69A12570-2BDC-4C23-A550-282B7EB129B4\6C581D5E-F7E0-497E-AB45-8FEFBD86E1AB@2x.ktx	\\?\R:\Installed Apps\sceneID_com.apple.mobilesafari-69A12570-2BDC-4C23-A550-282B7EB129B4_6C581D5E-F7E0-497E-AB45-8FEFBD86E1AB@2x.png
2023-07-10 20:45:39	sceneID_com.apple.mobilesafari-69A12570-2BDC-4C23-A550-282B7EB129B4	\\?\R:\temp\private\var\mobile\Containers\Data\Application\EF9AB533-69C0-482E-9E0B-9C90E37EE377\Library\SplashBoard\Snapshots\sceneID_com.apple.mobilesafari-69A12570-2BDC-4C23-A550-282B7EB129B4\downscaled\D7ACEABB-C686-4F6C-81C5-913497F0ECBE@2x.ktx	\\?\R:\Installed Apps\sceneID_com.apple.mobilesafari-69A12570-2BDC-4C23-A550-282B7EB129B4_D7ACEABB-C686-4F6C-81C5-913497F0ECBE@2x.png
2023-07-10 20:45:40	sceneID_com.apple.mobilesafari-69A12570-2BDC-4C23-A550-282B7EB129B4	\\?\R:\temp\private\var\mobile\Containers\Data\Application\EF9AB533-69C0-482E-9E0B-9C90E37EE377\Library\SplashBoard\Snapshots\sceneID_com.apple.mobilesafari-69A12570-2BDC-4C23-A550-282B7EB129B4\downscaled\FD4F1BA7-AF5F-456F-999B-A9A45F0612F3@2x.ktx	\\?\R:\Installed Apps\sceneID_com.apple.mobilesafari-69A12570-2BDC-4C23-A550-282B7EB129B4_FD4F1BA7-AF5F-456F-999B-A9A45F0612F3@2x.png
2023-07-09 16:46:07	com.apple.mobilemail	\\?\R:\temp\private\var\mobile\Containers\Data\Application\F0A54488-2B30-4720-8314-A9F0010E71AB\Library\SplashBoard\Snapshots\com.apple.mobilemail - {DEFAULT GROUP}\19D3CC10-5F3A-4A95-A1CF-84B00AF12FB4@2x.ktx	\\?\R:\Installed Apps\com.apple.mobilemail_19D3CC10-5F3A-4A95-A1CF-84B00AF12FB4@2x.png
2023-07-09 16:46:07	com.apple.mobilemail	\\?\R:\temp\private\var\mobile\Containers\Data\Application\F0A54488-2B30-4720-8314-A9F0010E71AB\Library\SplashBoard\Snapshots\com.apple.mobilemail - {DEFAULT GROUP}\53CCDCFC-B23D-4406-A346-E1FEF637262F@2x.ktx	\\?\R:\Installed Apps\com.apple.mobilemail_53CCDCFC-B23D-4406-A346-E1FEF637262F@2x.png
2023-07-09 16:41:59	com.apple.Music	\\?\R:\temp\private\var\mobile\Containers\Data\Application\FE8AA5F4-B9FE-429C-8304-86BC2C13EC49\Library\SplashBoard\Snapshots\com.apple.Music - {DEFAULT GROUP}\8042C6F7-52B5-4721-ACB4-E9CFE21C5128@2x.ktx	\\?\R:\Installed Apps\com.apple.Music_8042C6F7-52B5-4721-ACB4-E9CFE21C5128@2x.png
2023-07-09 16:41:59	com.apple.Music	\\?\R:\temp\private\var\mobile\Containers\Data\Application\FE8AA5F4-B9FE-429C-8304-86BC2C13EC49\Library\SplashBoard\Snapshots\com.apple.Music - {DEFAULT GROUP}\FB7EFAD1-3B4F-4435-B199-49ED5E363B79@2x.ktx	\\?\R:\Installed Apps\com.apple.Music_FB7EFAD1-3B4F-4435-B199-49ED5E363B79@2x.png
2023-07-09 16:20:32	com.apple.Preferences	\\?\R:\temp\private\var\mobile\Library\SplashBoard\Snapshots\com.apple.Preferences\com.apple.Preferences - {DEFAULT GROUP}\9CDB0EB9-08A4-4670-A352-B84EC6CAAEEE@2x.ktx	\\?\R:\Installed Apps\com.apple.Preferences_9CDB0EB9-08A4-4670-A352-B84EC6CAAEEE@2x.png
2023-07-10 20:58:51	sceneID_com.apple.camera-default	\\?\R:\temp\private\var\mobile\Library\SplashBoard\Snapshots\com.apple.camera\sceneID_com.apple.camera-default\41B9AF1C-C78F-46E5-A93A-305EC1E01FE2@2x.ktx	\\?\R:\Installed Apps\sceneID_com.apple.camera-default_41B9AF1C-C78F-46E5-A93A-305EC1E01FE2@2x.png
2023-07-10 20:58:51	sceneID_com.apple.camera-default	\\?\R:\temp\private\var\mobile\Library\SplashBoard\Snapshots\com.apple.camera\sceneID_com.apple.camera-default\B4486AE0-8A4E-48EC-A76F-93D3C1DD57C9@2x.ktx	\\?\R:\Installed Apps\sceneID_com.apple.camera-default_B4486AE0-8A4E-48EC-A76F-93D3C1DD57C9@2x.png
2023-07-10 20:58:51	sceneID_com.apple.camera-default	\\?\R:\temp\private\var\mobile\Library\SplashBoard\Snapshots\com.apple.camera\sceneID_com.apple.camera-default\downscaled\16768126-7A60-4BA0-B321-6191DE1129C2@2x.ktx	\\?\R:\Installed Apps\sceneID_com.apple.camera-default_16768126-7A60-4BA0-B321-6191DE1129C2@2x.png
2023-07-10 20:58:51	sceneID_com.apple.camera-default	\\?\R:\temp\private\var\mobile\Library\SplashBoard\Snapshots\com.apple.camera\sceneID_com.apple.camera-default\downscaled\66A26380-9E87-4CCA-B607-A1EABE0156BE@2x.ktx	\\?\R:\Installed Apps\sceneID_com.apple.camera-default_66A26380-9E87-4CCA-B607-A1EABE0156BE@2x.png
2023-07-09 16:20:35	com.apple.mobileslideshow	\\?\R:\temp\private\var\mobile\Library\SplashBoard\Snapshots\com.apple.mobileslideshow\com.apple.mobileslideshow - {DEFAULT GROUP}\05F9F740-F886-454F-B3C8-38FC852C1AC0@2x.ktx	\\?\R:\Installed Apps\com.apple.mobileslideshow_05F9F740-F886-454F-B3C8-38FC852C1AC0@2x.png
2023-07-09 16:20:35	com.apple.mobileslideshow	\\?\R:\temp\private\var\mobile\Library\SplashBoard\Snapshots\com.apple.mobileslideshow\com.apple.mobileslideshow - {DEFAULT GROUP}\2E0897E0-8CB2-4F4D-BE96-630990A8495F@2x.ktx	\\?\R:\Installed Apps\com.apple.mobileslideshow_2E0897E0-8CB2-4F4D-BE96-630990A8495F@2x.png
2023-07-09 16:20:35	com.apple.mobileslideshow	\\?\R:\temp\private\var\mobile\Library\SplashBoard\Snapshots\com.apple.mobileslideshow\com.apple.mobileslideshow - {DEFAULT GROUP}\5139008B-C20F-4CB9-B642-5A307FA3393C@2x.ktx	\\?\R:\Installed Apps\com.apple.mobileslideshow_5139008B-C20F-4CB9-B642-5A307FA3393C@2x.png
2023-07-09 16:20:35	com.apple.mobileslideshow	\\?\R:\temp\private\var\mobile\Library\SplashBoard\Snapshots\com.apple.mobileslideshow\com.apple.mobileslideshow - {DEFAULT GROUP}\70792442-B2FF-4B8E-B3EB-E097862C1017@2x.ktx	\\?\R:\Installed Apps\com.apple.mobileslideshow_70792442-B2FF-4B8E-B3EB-E097862C1017@2x.png
2023-07-10 20:58:53	sceneID_com.apple.mobileslideshow-default	\\?\R:\temp\private\var\mobile\Library\SplashBoard\Snapshots\com.apple.mobileslideshow\sceneID_com.apple.mobileslideshow-default\277F32ED-6F69-4F05-B768-049A40BF1C69@2x.ktx	\\?\R:\Installed Apps\sceneID_com.apple.mobileslideshow-default_277F32ED-6F69-4F05-B768-049A40BF1C69@2x.png
2023-07-09 18:44:21	sceneID_com.apple.mobileslideshow-default	\\?\R:\temp\private\var\mobile\Library\SplashBoard\Snapshots\com.apple.mobileslideshow\sceneID_com.apple.mobileslideshow-default\D9B04B64-F2A9-4F81-945B-6D11DDE56365@2x.ktx	\\?\R:\Installed Apps\sceneID_com.apple.mobileslideshow-default_D9B04B64-F2A9-4F81-945B-6D11DDE56365@2x.png
2023-07-09 18:44:21	sceneID_com.apple.mobileslideshow-default	\\?\R:\temp\private\var\mobile\Library\SplashBoard\Snapshots\com.apple.mobileslideshow\sceneID_com.apple.mobileslideshow-default\downscaled\C436F61F-12BD-47A6-8343-83153D07DDC8@2x.ktx	\\?\R:\Installed Apps\sceneID_com.apple.mobileslideshow-default_C436F61F-12BD-47A6-8343-83153D07DDC8@2x.png
2023-07-10 20:58:53	sceneID_com.apple.mobileslideshow-default	\\?\R:\temp\private\var\mobile\Library\SplashBoard\Snapshots\com.apple.mobileslideshow\sceneID_com.apple.mobileslideshow-default\downscaled\E43535CF-D2EF-4874-B610-504BB0A1F15A@2x.ktx	\\?\R:\Installed Apps\sceneID_com.apple.mobileslideshow-default_E43535CF-D2EF-4874-B610-504BB0A1F15A@2x.png
2023-07-09 16:20:33	com.apple.social.SLYahooAuth	\\?\R:\temp\private\var\mobile\Library\SplashBoard\Snapshots\com.apple.social.SLYahooAuth\com.apple.social.SLYahooAuth - {DEFAULT GROUP}\092A9C5F-EDFA-442D-A393-617AC834E18E@2x.ktx	\\?\R:\Installed Apps\com.apple.social.SLYahooAuth_092A9C5F-EDFA-442D-A393-617AC834E18E@2x.png
2023-07-09 16:20:33	com.apple.social.SLYahooAuth	\\?\R:\temp\private\var\mobile\Library\SplashBoard\Snapshots\com.apple.social.SLYahooAuth\com.apple.social.SLYahooAuth - {DEFAULT GROUP}\37AFD2B6-2703-4A8C-A457-278BD8C15BD7@2x.ktx	\\?\R:\Installed Apps\com.apple.social.SLYahooAuth_37AFD2B6-2703-4A8C-A457-278BD8C15BD7@2x.png
2023-07-09 16:20:33	com.apple.social.SLYahooAuth	\\?\R:\temp\private\var\mobile\Library\SplashBoard\Snapshots\com.apple.social.SLYahooAuth\com.apple.social.SLYahooAuth - {DEFAULT GROUP}\8A2E1E8B-760B-4FAD-8213-87F06838DE63@2x.ktx	\\?\R:\Installed Apps\com.apple.social.SLYahooAuth_8A2E1E8B-760B-4FAD-8213-87F06838DE63@2x.png
2023-07-09 16:20:33	com.apple.social.SLYahooAuth	\\?\R:\temp\private\var\mobile\Library\SplashBoard\Snapshots\com.apple.social.SLYahooAuth\com.apple.social.SLYahooAuth - {DEFAULT GROUP}\A6D7ADB2-A061-4C52-BE7D-AD75D16C7EB0@2x.ktx	\\?\R:\Installed Apps\com.apple.social.SLYahooAuth_A6D7ADB2-A061-4C52-BE7D-AD75D16C7EB0@2x.png
2023-07-10 20:58:30	sceneID_com.saurik.Cydia-default	\\?\R:\temp\private\var\mobile\Library\SplashBoard\Snapshots\com.saurik.Cydia\sceneID_com.saurik.Cydia-default\535215E6-3DDA-4009-8800-34661AC7EED4@2x.ktx	\\?\R:\Installed Apps\sceneID_com.saurik.Cydia-default_535215E6-3DDA-4009-8800-34661AC7EED4@2x.png
2023-07-10 20:58:30	sceneID_com.saurik.Cydia-default	\\?\R:\temp\private\var\mobile\Library\SplashBoard\Snapshots\com.saurik.Cydia\sceneID_com.saurik.Cydia-default\downscaled\CAF66A50-4BDA-480E-BA2F-B7B22D5CA5EA@2x.ktx	\\?\R:\Installed Apps\sceneID_com.saurik.Cydia-default_CAF66A50-4BDA-480E-BA2F-B7B22D5CA5EA@2x.png
2023-07-10 20:47:48	sceneID_kjc.loader-default	\\?\R:\temp\private\var\mobile\Library\SplashBoard\Snapshots\kjc.loader\sceneID_kjc.loader-default\A49700E1-2EBA-40DE-B81B-B1F15D57DE19@2x.ktx	\\?\R:\Installed Apps\sceneID_kjc.loader-default_A49700E1-2EBA-40DE-B81B-B1F15D57DE19@2x.png
2023-07-10 20:47:48	sceneID_kjc.loader-default	\\?\R:\temp\private\var\mobile\Library\SplashBoard\Snapshots\kjc.loader\sceneID_kjc.loader-default\downscaled\BEA64394-18B0-47E0-9F91-519177B0DD5C@2x.ktx	\\?\R:\Installed Apps\sceneID_kjc.loader-default_BEA64394-18B0-47E0-9F91-519177B0DD5C@2x.png
