Name	Address	UUID
	Random E2:38:8D:5C:45:EA	466E860E-5754-E275-E7C3-7879D535BAD4
	Random E0:01:F7:54:78:08	4CF7645D-D2D6-D016-17D4-2F3359D4195D
	Random CD:C5:B2:03:1A:2A	9848705F-4F52-A0EB-F062-73AD051D318D
	Random EB:8D:BB:A6:D4:12	AE88C8E7-5A00-056F-5AEF-713906559BAF
	Random DA:27:BE:BB:04:88	B77308A4-B274-8F5B-106E-830A7DA0DD66
	Random E9:99:70:89:8B:0F	D7713DC3-BE0B-C9C8-A83D-B547343C2417
	Random F2:85:27:C0:17:8E	0B50944B-9171-E0C4-ADDE-59DF4B0E81D0
	Random CA:70:A1:09:98:45	22878F3E-297F-2C6B-6B5D-7F7F3BA08E01
	Random F5:B5:C1:DC:D8:CA	4BF180B6-A81C-8860-0463-3CAA51E1E787
	Random F3:16:55:8C:AF:06	67DC11BF-9899-E2B6-A06C-D479E61B9A42
	Random E9:1F:7E:58:1D:19	6AD6FCE0-C5CE-81E2-B82D-AB594DD51843
	Public CC:03:7B:58:77:E5	75A06D4A-8811-1527-CB3B-56950EF5E21A
	Public 14:22:3B:21:93:29	7C6514F5-4425-DF70-7E58-88AA7BE91019
	Random F6:34:AF:B1:E3:CD	90793979-F470-87FA-99E5-BE440A3A8D8D
	Random EE:A1:93:A6:D7:C7	979BD667-CE4A-99F5-ED0A-C38547407A11
	Random D1:1B:A9:4F:99:50	9F7E7749-07B7-11DF-4D31-7F38D4D37AB5
	Random FB:3E:36:AE:3D:33	A2AD819D-695E-85AE-07BA-4764E012584D
	Random CA:AA:72:4D:88:B9	BA5CDF23-B522-DF26-381D-E77C561C3AC1
	Random D4:25:91:2A:58:C1	D7527086-944D-F1A5-4427-6856197E7AC2
	Random FC:0D:BA:4F:A6:AC	FB9D5FC7-88D6-3356-8F6F-2008B75A8503
	Random E5:7E:78:D9:21:0D	C6FD1E14-6109-DEA8-ED36-7BA1C239E08D
	Random F8:0F:04:A5:AB:98	17D7C9CD-7AEB-C1EA-604C-1B201B453A79
	Random C1:5A:C3:E1:2C:1F	E22B6D35-9D95-522D-A01B-A17B7E10D20E
	Random FC:A6:DE:3B:08:0B	1F1222C0-9292-B924-6C68-04FC71C609D8
	Random CD:2B:5F:21:FB:3E	38D57B86-3891-0ED8-1AED-FDE2BD62E19E
	Random D9:DB:C9:3E:C0:FF	3BC3F696-498E-BEFC-3071-B3F115884047
	Random C0:D8:30:28:4A:AB	5B63ABA0-6C10-FF09-0378-244D482DD6E5
	Random FB:2A:C9:2E:ED:B5	B2825B4C-8878-015A-99DB-D6C78EC7FA83
	Random E8:B8:61:D4:A6:9A	DD17E2C4-AF45-F07F-16A4-6A6CBCF302FB
	Random DF:EB:BE:EF:04:0D	08D46FA5-7334-472E-D3E9-4EA8082B466A
	Random CC:D2:83:06:C9:94	544ADC1F-46BA-D71E-5F21-8DE3D424B0E8
	Random E2:42:D4:73:8E:48	DF5D9070-4C5D-48F5-15AC-355E47C5C294
	Random E5:0B:AA:C2:5B:CD	F2DDD88B-82E4-92E9-B684-4A61BC8C19F7
	Random EC:C6:D8:D9:85:A4	649BBF54-D866-4860-2D26-C81BC9ED3C71
	Random D7:31:DF:4A:FA:E8	885AC4BA-E6F6-25C1-9009-F04DB25C6677
	Random DB:A6:AD:3B:F6:A4	DE9DEEEF-A9E8-413D-64DE-32250100EE08
	Random CE:51:57:11:2C:D7	463B0F15-0E43-AF97-D003-F5CFB7EBB7AD
	Random E2:0D:0C:A5:EA:57	4C792718-EF6C-D54D-0F51-7FD110F1679F
	Random D6:7F:7E:BB:A3:D4	5B014DC5-C062-F644-E4CB-08F149EABBBE
	Random DE:C3:69:44:52:5F	87E9B078-146B-76C2-C386-FE592323FFB0
	Random CB:90:25:C3:94:41	5563AA13-A16D-A6ED-E416-7AED5223883F
	Random D3:83:5E:C9:A0:81	582AFE1F-2CBD-E0A3-6A7F-7EDD7FEC9587
	Random E8:E8:28:4F:47:B2	E0C1A7DE-2430-7244-10BD-BF3D0A37DC0A
	Random C3:9A:EC:8E:79:E5	11426D04-755A-A9FD-3727-9778C283408A
	Random FA:29:A5:C8:28:8D	1C9E8B57-306F-389C-21D9-A285B1210C6F
	Random DD:84:B6:C8:C9:6E	AEE706DD-ED8F-BBFF-FD5D-172D63F52B3B
	Random D4:77:81:A8:7B:7B	747FBBA6-1BFE-009C-F49B-2B36E9F7CCDF
	Random CA:E6:8C:5B:49:16	A159DBBA-79FF-D3F8-DA2E-5BBEAF15CABB
	Random D9:B7:84:FD:F7:5E	293A15A1-423F-B68D-F7B9-AA46D34E0F9D
	Random C5:CB:DD:13:9A:15	999D7CA6-EFFA-A0F1-F1F7-2E7336D4B5C3
	Random CE:CD:18:9E:70:F1	BBF5ED92-BC5F-B6E2-7930-F0F7B8909B72
	Random E1:44:3E:5E:12:18	072EE7A0-E574-3CE9-6F8E-85A6DB4ABEF3
	Random DA:28:26:07:77:1F	1959CAE0-F31D-FA01-A529-7D0C3D88BAF5
	Random FD:75:F5:F9:49:ED	3EBB5AD2-733F-AAA9-E115-4A4D93A36909
	Random FC:7C:EB:B8:60:CA	6C1733D6-F898-3A24-937B-699EB9C8BC9C
	Random E2:E9:BE:7C:77:D9	50FD5D2E-58D2-F07B-5532-3A4E431A48C6
	Random E7:20:E0:FD:52:C0	5C3F82A9-590F-F63D-509F-8BCCA9F5CD8E
	Random C5:BA:64:A6:C3:17	10112C70-C5E8-FA7A-1FF0-522F3F0FF188
	Random F2:61:6B:DB:86:7D	A9F71FB6-48CF-0887-6717-369E9EF1A0C1
	Random EE:30:06:C7:12:3D	C4583BD8-340B-02FC-972C-147D81B46356
	Random F7:86:B6:0B:F7:FF	31255B3D-AED7-7E9C-4ECC-8BDAF80BB26F
	Random D0:AE:2C:94:10:D2	476C28B9-1B36-E02C-F5F5-E2CB0D90B633
	Random E3:D7:76:59:86:4F	51C5F939-A706-3E59-7BDD-0F925B80A3F1
	Random CC:C0:A9:03:E3:37	5B580006-DFE2-B549-328A-34BA9D6CBBE1
	Random E7:D7:0C:86:0A:72	D4576E58-9FD0-5933-3968-D8A98E60FFB6
